137,1731,120,not-critical
137,1731,120,critical
137,1731,120,not-critical
137,1731,120,critical
137,1731,120,critical
137,1731,120,critical
137,1731,120,not-critical
137,1731,120,critical
137,1731,120,critical
137,1731,120,critical
137,1731,120,not-critical
137,1731,120,not-critical
137,1731,120,not-critical
137,1731,120,not-critical
137,1731,120,critical
137,1731,120,not-critical
137,1731,120,not-critical
137,1731,120,critical
137,1731,120,critical
137,1731,120,critical
137,1731,120,critical
137,1731,120,not-critical
137,1731,120,not-critical
137,1731,120,not-critical
137,1731,120,critical
137,1731,120,not-critical
137,1731,120,critical
137,1731,120,critical
137,1731,120,critical
137,1731,120,not-critical
137,1731,240,not-critical
137,1731,240,critical
137,1731,240,critical
137,1731,240,not-critical
137,1731,240,critical
137,1731,240,critical
137,1731,240,critical
137,1731,240,not-critical
137,1731,240,not-critical
137,1731,240,critical
137,1731,240,critical
137,1731,240,critical
137,1731,240,critical
137,1731,240,not-critical
137,1731,240,critical
137,1731,300,not-critical
137,1731,300,critical
137,1731,300,critical
137,1731,300,not-critical
137,1731,300,critical
137,1731,300,critical
137,1731,300,critical
137,1731,300,critical
137,1731,300,critical
137,1731,300,critical
137,1731,300,not-critical
137,1731,300,critical
137,1731,327,critical
137,1731,327,critical
137,1731,327,not-critical
137,1731,327,critical
137,1731,327,critical
137,1731,327,critical
137,1731,327,not-critical
137,1731,327,critical
137,1731,327,critical
137,1731,327,not-critical
137,1731,327,not-critical
137,1731,327,not-critical
137,1731,327,critical
137,1731,327,not-critical
137,1731,327,not-critical
137,1731,327,critical
137,1731,327,critical
137,1731,327,critical
137,1731,327,critical
137,1731,327,critical
137,1731,327,not-critical
137,1731,327,critical
137,1731,327,critical
137,1731,327,not-critical
137,1731,327,critical
137,1731,327,critical
137,1731,327,critical
137,1731,327,critical
137,1731,327,not-critical
137,1731,327,not-critical
137,1731,327,critical
137,1731,327,not-critical
137,1731,327,not-critical
137,1730,327,not-critical
137,1730,327,not-critical
137,1730,327,not-critical
137,1730,327,critical
137,1730,327,critical
137,1730,327,critical
137,1730,327,not-critical
137,1730,327,critical
137,1730,327,critical
137,1730,327,critical
137,1730,327,not-critical
137,1730,257,critical
137,1730,257,not-critical
137,1730,257,critical
137,1730,257,not-critical
137,1730,257,not-critical
137,1730,257,critical
137,1730,257,not-critical
137,1730,257,critical
137,1730,257,not-critical
137,1730,257,critical
137,1730,257,critical
137,1730,257,critical
137,1730,257,critical
137,1730,257,not-critical
137,1730,257,not-critical
137,1730,257,not-critical
137,1730,257,not-critical
137,1730,257,critical
137,1730,257,critical
137,1730,257,not-critical
137,1730,257,not-critical
137,1730,257,critical
137,1730,257,critical
137,1730,257,critical
137,1730,257,critical
137,1730,257,not-critical
137,1730,257,critical
137,1730,257,critical
137,1730,327,critical
137,1730,327,critical
137,1730,327,not-critical
137,1730,327,not-critical
137,1730,327,not-critical
137,1730,327,not-critical
137,1730,327,not-critical
137,1730,327,critical
137,1730,327,not-critical
137,1730,327,critical
137,1730,327,not-critical
137,1730,257,critical
137,1730,257,not-critical
137,1730,257,not-critical
137,1730,257,critical
137,1730,257,critical
137,1730,257,not-critical
137,1730,257,critical
137,1730,257,not-critical
137,1730,257,not-critical
137,1730,257,critical
137,1730,257,critical
137,1730,257,not-critical
137,1730,257,critical
137,1730,257,not-critical
137,1730,225,not-critical
137,1730,225,critical
137,1730,225,critical
137,1730,225,critical
137,1730,225,critical
137,1730,225,critical
137,1730,225,critical
137,1730,225,critical
137,1730,225,not-critical
137,1730,225,critical
137,1730,225,critical
137,1730,225,not-critical
137,1730,225,not-critical
137,1730,225,critical
137,1730,225,not-critical
137,1730,225,not-critical
137,1729,300,not-critical
137,1729,300,critical
137,1729,300,critical
137,1729,300,not-critical
137,1729,300,critical
137,1729,300,not-critical
137,1729,300,not-critical
137,1729,300,not-critical
137,1729,300,critical
137,1729,300,critical
137,1729,300,not-critical
137,1729,300,critical
137,1729,276,critical
137,1729,276,critical
137,1729,276,not-critical
137,1729,276,not-critical
137,1729,276,critical
137,1729,276,not-critical
137,1729,276,critical
137,1729,276,critical
137,1729,276,not-critical
137,1729,276,not-critical
137,1729,276,critical
137,1729,276,critical
137,1729,276,critical
137,1730,156,critical
137,1730,156,not-critical
137,1730,156,critical
137,1730,156,not-critical
137,1730,156,not-critical
137,1730,156,not-critical
137,1730,156,critical
137,1730,156,not-critical
137,1730,156,critical
137,1730,156,not-critical
137,1730,156,not-critical
137,1730,156,not-critical
137,1730,156,not-critical
137,1730,156,not-critical
137,1730,156,not-critical
137,1730,156,critical
137,1730,156,critical
137,1730,156,critical
137,1730,156,not-critical
137,1730,156,critical
137,1730,156,not-critical
137,1730,156,critical
137,1730,156,critical
137,1730,200,critical
137,1730,200,critical
137,1730,200,not-critical
137,1730,200,not-critical
137,1730,200,critical
137,1730,200,not-critical
137,1730,200,not-critical
137,1730,200,critical
137,1730,200,critical
137,1730,200,not-critical
137,1730,200,critical
137,1730,200,not-critical
137,1730,200,not-critical
137,1730,200,not-critical
137,1730,200,not-critical
137,1730,200,not-critical
137,1730,200,critical
137,1730,200,not-critical
137,1729,257,critical
137,1729,257,not-critical
137,1729,257,not-critical
137,1729,257,not-critical
137,1729,257,critical
137,1729,257,critical
137,1729,257,critical
137,1729,257,critical
137,1729,257,critical
137,1729,257,not-critical
137,1729,257,not-critical
137,1729,257,critical
137,1729,257,critical
137,1729,257,critical
137,1729,240,critical
137,1729,240,critical
137,1729,240,critical
137,1729,240,critical
137,1729,240,not-critical
137,1729,240,not-critical
137,1729,240,not-critical
137,1729,240,not-critical
137,1729,240,critical
137,1729,240,critical
137,1729,240,critical
137,1729,240,critical
137,1729,240,critical
137,1729,240,not-critical
137,1729,240,not-critical
137,1729,211,critical
137,1729,211,critical
137,1729,211,critical
137,1729,211,not-critical
137,1729,211,not-critical
137,1729,211,not-critical
137,1729,211,not-critical
137,1729,211,critical
137,1729,211,critical
137,1729,211,critical
137,1729,211,not-critical
137,1729,211,critical
137,1729,211,critical
137,1729,211,not-critical
137,1729,211,critical
137,1729,211,not-critical
137,1729,211,critical
137,1733,276,critical
137,1733,276,critical
137,1733,276,critical
137,1733,276,critical
137,1733,276,critical
137,1733,276,not-critical
137,1733,276,not-critical
137,1733,276,critical
137,1733,276,critical
137,1733,276,critical
137,1733,276,critical
137,1733,276,critical
137,1733,276,critical
137,1732,240,not-critical
137,1732,240,critical
137,1732,240,critical
137,1732,240,critical
137,1732,240,critical
137,1732,240,critical
137,1732,240,critical
137,1732,240,not-critical
137,1732,240,not-critical
137,1732,240,critical
137,1732,240,critical
137,1732,240,critical
137,1732,240,critical
137,1732,240,critical
137,1732,240,not-critical
137,1732,240,not-critical
137,1732,240,critical
137,1732,240,not-critical
137,1732,240,not-critical
137,1732,240,critical
137,1732,240,not-critical
137,1732,240,critical
137,1732,240,critical
137,1732,240,critical
137,1732,240,critical
137,1732,240,not-critical
137,1732,240,critical
137,1732,240,critical
137,1732,240,critical
137,1732,240,not-critical
137,1732,150,not-critical
137,1732,150,critical
137,1732,150,critical
137,1732,150,critical
137,1732,150,not-critical
137,1732,150,critical
137,1732,150,critical
137,1732,150,not-critical
137,1732,150,not-critical
137,1732,150,not-critical
137,1732,150,critical
137,1732,150,not-critical
137,1732,150,critical
137,1732,150,critical
137,1732,150,not-critical
137,1732,150,critical
137,1732,150,critical
137,1732,150,critical
137,1732,150,not-critical
137,1732,150,not-critical
137,1732,150,critical
137,1732,150,critical
137,1732,150,not-critical
137,1732,150,not-critical
137,1732,276,critical
137,1732,276,critical
137,1732,276,critical
137,1732,276,critical
137,1732,276,not-critical
137,1732,276,not-critical
137,1732,276,critical
137,1732,276,not-critical
137,1732,276,critical
137,1732,276,critical
137,1732,276,not-critical
137,1732,276,not-critical
137,1732,276,critical
